Workbook

Sheet 道路
A1: 名称 | B1: 最高速度 | C1: 構造 | D1: 係数 | E1: 舗装 | F1: 係数 | G1: 価格 | H1: 維持費
A2: 20km/h未舗装路 | B2: 20 | C2: 平面 | D2: =_xlfn.XLOOKUP($C2,構造係数!$A$2:$A$5,構造係数!$B$2:$B$5) -> 1 | E2: 簡易 | F2: =_xlfn.XLOOKUP($E2,舗装係数!$A$2:$A$6,舗装係数!$B$2:$B$6) -> 0.1 | G2: =$B2*1250*$D2*$F2 -> 2500 | H2: =$B2*1.8*$D2*IF(1-$F2=0,1,(1-$F2)*10) -> 324
A3: 30km/h未舗装路 | B3: 30 | C3: 平面 | D3: =_xlfn.XLOOKUP($C3,構造係数!$A$2:$A$5,構造係数!$B$2:$B$5) -> 1 | E3: 簡易 | F3: =_xlfn.XLOOKUP($E3,舗装係数!$A$2:$A$6,舗装係数!$B$2:$B$6) -> 0.1 | G3: =$B3*1250*$D3*$F3 -> 3750 | H3: =$B3*1.8*$D3*IF(1-$F3=0,1,(1-$F3)*10) -> 486
A4: 30km/h砂利道 | B4: 30 | C4: 平面 | D4: =_xlfn.XLOOKUP($C4,構造係数!$A$2:$A$5,構造係数!$B$2:$B$5) -> 1 | E4: 砂利 | F4: =_xlfn.XLOOKUP($E4,舗装係数!$A$2:$A$6,舗装係数!$B$2:$B$6) -> 0.3 | G4: =$B4*1250*$D4*$F4 -> 11250 | H4: =$B4*1.8*$D4*IF(1-$F4=0,1,(1-$F4)*10) -> 378
A5: 40km/h市街道路 | B5: 40 | C5: 平面 | D5: =_xlfn.XLOOKUP($C5,構造係数!$A$2:$A$5,構造係数!$B$2:$B$5) -> 1 | E5: 砂利 | F5: =_xlfn.XLOOKUP($E5,舗装係数!$A$2:$A$6,舗装係数!$B$2:$B$6) -> 0.3 | G5: =$B5*1250*$D5*$F5 -> 15000 | H5: =$B5*1.8*$D5*IF(1-$F5=0,1,(1-$F5)*10) -> 504
A6: 50km/h幹線道路 | B6: 50 | C6: 平面 | D6: =_xlfn.XLOOKUP($C6,構造係数!$A$2:$A$5,構造係数!$B$2:$B$5) -> 1 | E6: 砂利 | F6: =_xlfn.XLOOKUP($E6,舗装係数!$A$2:$A$6,舗装係数!$B$2:$B$6) -> 0.3 | G6: =$B6*1250*$D6*$F6 -> 18750 | H6: =$B6*1.8*$D6*IF(1-$F6=0,1,(1-$F6)*10) -> 630
A7: 30km/h生活道路 | B7: 30 | C7: 平面 | D7: =_xlfn.XLOOKUP($C7,構造係数!$A$2:$A$5,構造係数!$B$2:$B$5) -> 1 | E7: 瀝青 | F7: =_xlfn.XLOOKUP($E7,舗装係数!$A$2:$A$6,舗装係数!$B$2:$B$6) -> 1 | G7: =$B7*1250*$D7*$F7 -> 37500 | H7: =$B7*1.8*$D7*IF(1-$F7=0,1,(1-$F7)*10) -> 54
A8: 40km/h市街道路 | B8: 40 | C8: 平面 | D8: =_xlfn.XLOOKUP($C8,構造係数!$A$2:$A$5,構造係数!$B$2:$B$5) -> 1 | E8: 瀝青 | F8: =_xlfn.XLOOKUP($E8,舗装係数!$A$2:$A$6,舗装係数!$B$2:$B$6) -> 1 | G8: =$B8*1250*$D8*$F8 -> 50000 | H8: =$B8*1.8*$D8*IF(1-$F8=0,1,(1-$F8)*10) -> 72
A9: 50km/h一般道路 | B9: 50 | C9: 平面 | D9: =_xlfn.XLOOKUP($C9,構造係数!$A$2:$A$5,構造係数!$B$2:$B$5) -> 1 | E9: 瀝青 | F9: =_xlfn.XLOOKUP($E9,舗装係数!$A$2:$A$6,舗装係数!$B$2:$B$6) -> 1 | G9: =$B9*1250*$D9*$F9 -> 62500 | H9: =$B9*1.8*$D9*IF(1-$F9=0,1,(1-$F9)*10) -> 90
A10: 60km/h幹線道路 | B10: 60 | C10: 平面 | D10: =_xlfn.XLOOKUP($C10,構造係数!$A$2:$A$5,構造係数!$B$2:$B$5) -> 1 | E10: 瀝青 | F10: =_xlfn.XLOOKUP($E10,舗装係数!$A$2:$A$6,舗装係数!$B$2:$B$6) -> 1 | G10: =$B10*1250*$D10*$F10 -> 75000 | H10: =$B10*1.8*$D10*IF(1-$F10=0,1,(1-$F10)*10) -> 108
A11: 70km/h高規格道路 | B11: 70 | C11: 平面 | D11: =_xlfn.XLOOKUP($C11,構造係数!$A$2:$A$5,構造係数!$B$2:$B$5) -> 1 | E11: 瀝青 | F11: =_xlfn.XLOOKUP($E11,舗装係数!$A$2:$A$6,舗装係数!$B$2:$B$6) -> 1 | G11: =$B11*1250*$D11*$F11 -> 87500 | H11: =$B11*1.8*$D11*IF(1-$F11=0,1,(1-$F11)*10) -> 126
A12: 80km/h暫定高速道路 | B12: 80 | C12: 平面 | D12: =_xlfn.XLOOKUP($C12,構造係数!$A$2:$A$5,構造係数!$B$2:$B$5) -> 1 | E12: 瀝青 | F12: =_xlfn.XLOOKUP($E12,舗装係数!$A$2:$A$6,舗装係数!$B$2:$B$6) -> 1 | G12: =$B12*1250*$D12*$F12 -> 100000 | H12: =$B12*1.8*$D12*IF(1-$F12=0,1,(1-$F12)*10) -> 144

Sheet 構造係数
A1: 構造 | B1: 係数
A2: 平面 | B2: 1
A3: 高架 | B3: 3
A4: 橋 | B4: 5
A5: 隧道 | B5: 10

Sheet 舗装係数
A1: 舗装 | B1: 係数 | C1: 備考
A2: 瀝青 | B2: 1 | C2: アスファルトのこと
A3: 混凝土 | B3: 0.8 | C3: コンクリートのこと
A4: 石畳 | B4: 0.5
A5: 砂利 | B5: 0.3 | C5: 橋の場合は木や石
A6: 簡易 | B6: 0.1 | C6: 土や草の路面の未舗装路 橋の場合は木材や鉄板
