Workbook

Sheet 生産性と旅客度
A1: 色 | B1: 色コード | C1: 色番号 | D1: 施設名 | E1: 生産性 | F1: ばらつき | G1: 旅客需要 | H1: 郵便需要 | I1: 最高生産 単位/月 最小値 | J1: 最高生産 単位/月 最大値 | K1: 総旅客数目安 最小値 | L1: 総旅客数目安 最大値 | M1: 総旅客数目安 期待値 | N1: 総郵便数目安 最小値 | O1: 総郵便数目安 最大値 | P1: 総郵便数目安 期待値
D2: Abfall 廃棄物産業
B3: =VLOOKUP($C3,色!$A$2:$B$225,2,FALSE) -> #4B3E6C | C3: 218 | D3: ごみ収集所 | E3: 35 | F3: 25 | G3: 10 | H3: 5 | I3: =IF($E3="",14*64,$E3*64) -> 2240 | J3: =IF($E3="",(14+$F3)*64,($E3+$F3)*64) -> 3840 | K3: =G3*72 -> 720 | L3: =FIXED($K3*$J3/$I3,0,TRUE) -> 1234 | M3: =FIXED(($K3+$L3)/2,0,TRUE) -> 977 | N3: =IF($H3="",$G3/3*72,$H3*72) -> 360 | O3: =FIXED($N3*$J3/$I3,0,TRUE) -> 617 | P3: =FIXED(($N3+$O3)/2,0,TRUE) -> 489
B4: =VLOOKUP($C4,色!$A$2:$B$225,2,FALSE) -> #292936 | C4: 216 | D4: リサイクル工場（資源ごみ） | E4: 500 | F4: 200 | G4: 50 | H4: 23 | I4: =IF($E4="",14*64,$E4*64) -> 32000 | J4: =IF($E4="",(14+$F4)*64,($E4+$F4)*64) -> 44800 | K4: =G4*72 -> 3600 | L4: =FIXED($K4*$J4/$I4,0,TRUE) -> 5040 | M4: =FIXED(($K4+$L4)/2,0,TRUE) -> 4320 | N4: =IF($H4="",$G4/3*72,$H4*72) -> 1656 | O4: =FIXED($N4*$J4/$I4,0,TRUE) -> 2318 | P4: =FIXED(($N4+$O4)/2,0,TRUE) -> 1987
B5: =VLOOKUP($C5,色!$A$2:$B$225,2,FALSE) -> #716996 | C5: 220 | D5: リサイクル工場（粗大ごみ） | E5: 500 | F5: 200 | G5: 50 | H5: 23 | I5: =IF($E5="",14*64,$E5*64) -> 32000 | J5: =IF($E5="",(14+$F5)*64,($E5+$F5)*64) -> 44800 | K5: =G5*72 -> 3600 | L5: =FIXED($K5*$J5/$I5,0,TRUE) -> 5040 | M5: =FIXED(($K5+$L5)/2,0,TRUE) -> 4320 | N5: =IF($H5="",$G5/3*72,$H5*72) -> 1656 | O5: =FIXED($N5*$J5/$I5,0,TRUE) -> 2318 | P5: =FIXED(($N5+$O5)/2,0,TRUE) -> 1987
B6: =VLOOKUP($C6,色!$A$2:$B$225,2,FALSE) -> #4B3E6C | C6: 218 | D6: 清掃工場 | E6: 300 | F6: 200 | G6: 10 | H6: 5 | I6: =IF($E6="",14*64,$E6*64) -> 19200 | J6: =IF($E6="",(14+$F6)*64,($E6+$F6)*64) -> 32000 | K6: =G6*72 -> 720 | L6: =FIXED($K6*$J6/$I6,0,TRUE) -> 1200 | M6: =FIXED(($K6+$L6)/2,0,TRUE) -> 960 | N6: =IF($H6="",$G6/3*72,$H6*72) -> 360 | O6: =FIXED($N6*$J6/$I6,0,TRUE) -> 600 | P6: =FIXED(($N6+$O6)/2,0,TRUE) -> 480
D7: Kohle 石炭産業
D8: 炭鉱（シャフト式） | E8: 80 | F8: 50 | G8: 25 | H8: 10 | I8: =IF($E8="",14*64,$E8*64) -> 5120 | J8: =IF($E8="",(14+$F8)*64,($E8+$F8)*64) -> 8320 | K8: =G8*72 -> 1800 | L8: =FIXED($K8*$J8/$I8,0,TRUE) -> 2925 | M8: =FIXED(($K8+$L8)/2,0,TRUE) -> 2363 | N8: =IF($H8="",$G8/3*72,$H8*72) -> 720 | O8: =FIXED($N8*$J8/$I8,0,TRUE) -> 1170 | P8: =FIXED(($N8+$O8)/2,0,TRUE) -> 945
D9: 炭鉱（三池炭鉱万田坑） | E9: 150 | F9: 100 | G9: 150 | H9: 10 | I9: =IF($E9="",14*64,$E9*64) -> 9600 | J9: =IF($E9="",(14+$F9)*64,($E9+$F9)*64) -> 16000 | K9: =G9*72 -> 10800 | L9: =FIXED($K9*$J9/$I9,0,TRUE) -> 18000 | M9: =FIXED(($K9+$L9)/2,0,TRUE) -> 14400 | N9: =IF($H9="",$G9/3*72,$H9*72) -> 720 | O9: =FIXED($N9*$J9/$I9,0,TRUE) -> 1200 | P9: =FIXED(($N9+$O9)/2,0,TRUE) -> 960
D10: 石炭火力発電所 | E10: 180 | F10: 30 | G10: 75 | H10: 25 | I10: =IF($E10="",14*64,$E10*64) -> 11520 | J10: =IF($E10="",(14+$F10)*64,($E10+$F10)*64) -> 13440 | K10: =G10*72 -> 5400 | L10: =FIXED($K10*$J10/$I10,0,TRUE) -> 6300 | M10: =FIXED(($K10+$L10)/2,0,TRUE) -> 5850 | N10: =IF($H10="",$G10/3*72,$H10*72) -> 1800 | O10: =FIXED($N10*$J10/$I10,0,TRUE) -> 2100 | P10: =FIXED(($N10+$O10)/2,0,TRUE) -> 1950
D11: Eisen 鉄産業
D12: 鉄鉱山 | E12: 150 | F12: 450 | G12: 75 | H12: 5 | I12: =IF($E12="",14*64,$E12*64) -> 9600 | J12: =IF($E12="",(14+$F12)*64,($E12+$F12)*64) -> 38400 | K12: =G12*72 -> 5400 | L12: =FIXED($K12*$J12/$I12,0,TRUE) -> 21600 | M12: =FIXED(($K12+$L12)/2,0,TRUE) -> 13500 | N12: =IF($H12="",$G12/3*72,$H12*72) -> 360 | O12: =FIXED($N12*$J12/$I12,0,TRUE) -> 1440 | P12: =FIXED(($N12+$O12)/2,0,TRUE) -> 900
D13: 製鉄所 | E13: 600 | F13: 150 | G13: 75 | H13: 12 | I13: =IF($E13="",14*64,$E13*64) -> 38400 | J13: =IF($E13="",(14+$F13)*64,($E13+$F13)*64) -> 48000 | K13: =G13*72 -> 5400 | L13: =FIXED($K13*$J13/$I13,0,TRUE) -> 6750 | M13: =FIXED(($K13+$L13)/2,0,TRUE) -> 6075 | N13: =IF($H13="",$G13/3*72,$H13*72) -> 864 | O13: =FIXED($N13*$J13/$I13,0,TRUE) -> 1080 | P13: =FIXED(($N13+$O13)/2,0,TRUE) -> 972
D14: Holz 木材産業
B15: =VLOOKUP($C15,色!$A$2:$B$225,2,FALSE) -> #804000 | C15: 152 | D15: 伐採所 | E15: 50 | F15: 100 | G15: 5 | H15: 1 | I15: =IF($E15="",14*64,$E15*64) -> 3200 | J15: =IF($E15="",(14+$F15)*64,($E15+$F15)*64) -> 9600 | K15: =G15*72 -> 360 | L15: =FIXED($K15*$J15/$I15,0,TRUE) -> 1080 | M15: =FIXED(($K15+$L15)/2,0,TRUE) -> 720 | N15: =IF($H15="",$G15/3*72,$H15*72) -> 72 | O15: =FIXED($N15*$J15/$I15,0,TRUE) -> 216 | P15: =FIXED(($N15+$O15)/2,0,TRUE) -> 144
B16: =VLOOKUP($C16,色!$A$2:$B$225,2,FALSE) -> #E2AD73 | C16: 94 | D16: 製材所 | E16: 160 | F16: 80 | G16: 15 | H16: 3 | I16: =IF($E16="",14*64,$E16*64) -> 10240 | J16: =IF($E16="",(14+$F16)*64,($E16+$F16)*64) -> 15360 | K16: =G16*72 -> 1080 | L16: =FIXED($K16*$J16/$I16,0,TRUE) -> 1620 | M16: =FIXED(($K16+$L16)/2,0,TRUE) -> 1350 | N16: =IF($H16="",$G16/3*72,$H16*72) -> 216 | O16: =FIXED($N16*$J16/$I16,0,TRUE) -> 324 | P16: =FIXED(($N16+$O16)/2,0,TRUE) -> 270
B17: =VLOOKUP($C17,色!$A$2:$B$225,2,FALSE) -> #8A4010 | C17: 188 | D17: 家具工場 | E17: 50 | F17: 50 | G17: 30 | H17: 15 | I17: =IF($E17="",14*64,$E17*64) -> 3200 | J17: =IF($E17="",(14+$F17)*64,($E17+$F17)*64) -> 6400 | K17: =G17*72 -> 2160 | L17: =FIXED($K17*$J17/$I17,0,TRUE) -> 4320 | M17: =FIXED(($K17+$L17)/2,0,TRUE) -> 3240 | N17: =IF($H17="",$G17/3*72,$H17*72) -> 1080 | O17: =FIXED($N17*$J17/$I17,0,TRUE) -> 2160 | P17: =FIXED(($N17+$O17)/2,0,TRUE) -> 1620
B18: =VLOOKUP($C18,色!$A$2:$B$225,2,FALSE) -> #78C99C | C18: 125 | D18: 家具量販店 | E18: 25 | F18: 42 | G18: 15 | H18: 20 | I18: =IF($E18="",14*64,$E18*64) -> 1600 | J18: =IF($E18="",(14+$F18)*64,($E18+$F18)*64) -> 4288 | K18: =G18*72 -> 1080 | L18: =FIXED($K18*$J18/$I18,0,TRUE) -> 2894 | M18: =FIXED(($K18+$L18)/2,0,TRUE) -> 1987 | N18: =IF($H18="",$G18/3*72,$H18*72) -> 1440 | O18: =FIXED($N18*$J18/$I18,0,TRUE) -> 3859 | P18: =FIXED(($N18+$O18)/2,0,TRUE) -> 2650
B19: =VLOOKUP($C19,色!$A$2:$B$225,2,FALSE) -> #FFC184 | C19: 159 | D19: バイオマス発電所 | E19: 245 | F19: 120 | G19: 24 | H19: 8 | I19: =IF($E19="",14*64,$E19*64) -> 15680 | J19: =IF($E19="",(14+$F19)*64,($E19+$F19)*64) -> 23360 | K19: =G19*72 -> 1728 | L19: =FIXED($K19*$J19/$I19,0,TRUE) -> 2574 | M19: =FIXED(($K19+$L19)/2,0,TRUE) -> 2151 | N19: =IF($H19="",$G19/3*72,$H19*72) -> 576 | O19: =FIXED($N19*$J19/$I19,0,TRUE) -> 858 | P19: =FIXED(($N19+$O19)/2,0,TRUE) -> 717
D20: Oel 石油産業
B21: =VLOOKUP($C21,色!$A$2:$B$225,2,FALSE) -> #400000 | C21: 184 | D21: 油田 | E21: 80 | F21: 160 | G21: 30 | H21: 10 | I21: =IF($E21="",14*64,$E21*64) -> 5120 | J21: =IF($E21="",(14+$F21)*64,($E21+$F21)*64) -> 15360 | K21: =G21*72 -> 2160 | L21: =FIXED($K21*$J21/$I21,0,TRUE) -> 6480 | M21: =FIXED(($K21+$L21)/2,0,TRUE) -> 4320 | N21: =IF($H21="",$G21/3*72,$H21*72) -> 720 | O21: =FIXED($N21*$J21/$I21,0,TRUE) -> 2160 | P21: =FIXED(($N21+$O21)/2,0,TRUE) -> 1440
B22: =VLOOKUP($C22,色!$A$2:$B$225,2,FALSE) -> #006AFF | C22: 150 | D22: 製油所 | E22: 500 | F22: 100 | G22: 65 | H22: 25 | I22: =IF($E22="",14*64,$E22*64) -> 32000 | J22: =IF($E22="",(14+$F22)*64,($E22+$F22)*64) -> 38400 | K22: =G22*72 -> 4680 | L22: =FIXED($K22*$J22/$I22,0,TRUE) -> 5616 | M22: =FIXED(($K22+$L22)/2,0,TRUE) -> 5148 | N22: =IF($H22="",$G22/3*72,$H22*72) -> 1800 | O22: =FIXED($N22*$J22/$I22,0,TRUE) -> 2160 | P22: =FIXED(($N22+$O22)/2,0,TRUE) -> 1980
B23: =VLOOKUP($C23,色!$A$2:$B$225,2,FALSE) -> #00F1DB | C23: 55 | D23: 化学工場 | E23: 120 | F23: 80 | G23: 30 | H23: 11 | I23: =IF($E23="",14*64,$E23*64) -> 7680 | J23: =IF($E23="",(14+$F23)*64,($E23+$F23)*64) -> 12800 | K23: =G23*72 -> 2160 | L23: =FIXED($K23*$J23/$I23,0,TRUE) -> 3600 | M23: =FIXED(($K23+$L23)/2,0,TRUE) -> 2880 | N23: =IF($H23="",$G23/3*72,$H23*72) -> 792 | O23: =FIXED($N23*$J23/$I23,0,TRUE) -> 1320 | P23: =FIXED(($N23+$O23)/2,0,TRUE) -> 1056
B24: =VLOOKUP($C24,色!$A$2:$B$225,2,FALSE) -> #FF4040 | C24: 133 | D24: ガソリンスタンド | E24: 10 | F24: 50 | G24: 5 | H24: 1 | I24: =IF($E24="",14*64,$E24*64) -> 640 | J24: =IF($E24="",(14+$F24)*64,($E24+$F24)*64) -> 3840 | K24: =G24*72 -> 360 | L24: =FIXED($K24*$J24/$I24,0,TRUE) -> 2160 | M24: =FIXED(($K24+$L24)/2,0,TRUE) -> 1260 | N24: =IF($H24="",$G24/3*72,$H24*72) -> 72 | O24: =FIXED($N24*$J24/$I24,0,TRUE) -> 432 | P24: =FIXED(($N24+$O24)/2,0,TRUE) -> 252
D25: Papier 紙産業
B26: =VLOOKUP($C26,色!$A$2:$B$225,2,FALSE) -> #ECECEC | C26: 214 | D26: 製紙工場 | E26: 150 | F26: 30 | G26: 32 | H26: 15 | I26: =IF($E26="",14*64,$E26*64) -> 9600 | J26: =IF($E26="",(14+$F26)*64,($E26+$F26)*64) -> 11520 | K26: =G26*72 -> 2304 | L26: =FIXED($K26*$J26/$I26,0,TRUE) -> 2765 | M26: =FIXED(($K26+$L26)/2,0,TRUE) -> 2535 | N26: =IF($H26="",$G26/3*72,$H26*72) -> 1080 | O26: =FIXED($N26*$J26/$I26,0,TRUE) -> 1296 | P26: =FIXED(($N26+$O26)/2,0,TRUE) -> 1188
B27: =VLOOKUP($C27,色!$A$2:$B$225,2,FALSE) -> #202020 | C27: 208 | D27: 出版社 | E27: 500 | F27: 140 | G27: 50 | H27: 45 | I27: =IF($E27="",14*64,$E27*64) -> 32000 | J27: =IF($E27="",(14+$F27)*64,($E27+$F27)*64) -> 40960 | K27: =G27*72 -> 3600 | L27: =FIXED($K27*$J27/$I27,0,TRUE) -> 4608 | M27: =FIXED(($K27+$L27)/2,0,TRUE) -> 4104 | N27: =IF($H27="",$G27/3*72,$H27*72) -> 3240 | O27: =FIXED($N27*$J27/$I27,0,TRUE) -> 4147 | P27: =FIXED(($N27+$O27)/2,0,TRUE) -> 3694
B28: =VLOOKUP($C28,色!$A$2:$B$225,2,FALSE) -> #202020 | C28: 208 | D28: 印刷所 | E28: 500 | F28: 140 | G28: 40 | H28: 35 | I28: =IF($E28="",14*64,$E28*64) -> 32000 | J28: =IF($E28="",(14+$F28)*64,($E28+$F28)*64) -> 40960 | K28: =G28*72 -> 2880 | L28: =FIXED($K28*$J28/$I28,0,TRUE) -> 3686 | M28: =FIXED(($K28+$L28)/2,0,TRUE) -> 3283 | N28: =IF($H28="",$G28/3*72,$H28*72) -> 2520 | O28: =FIXED($N28*$J28/$I28,0,TRUE) -> 3226 | P28: =FIXED(($N28+$O28)/2,0,TRUE) -> 2873
B29: =VLOOKUP($C29,色!$A$2:$B$225,2,FALSE) -> #202020 | C29: 208 | D29: 新聞社 | E29: 500 | F29: 140 | G29: 50 | H29: 45 | I29: =IF($E29="",14*64,$E29*64) -> 32000 | J29: =IF($E29="",(14+$F29)*64,($E29+$F29)*64) -> 40960 | K29: =G29*72 -> 3600 | L29: =FIXED($K29*$J29/$I29,0,TRUE) -> 4608 | M29: =FIXED(($K29+$L29)/2,0,TRUE) -> 4104 | N29: =IF($H29="",$G29/3*72,$H29*72) -> 3240 | O29: =FIXED($N29*$J29/$I29,0,TRUE) -> 4147 | P29: =FIXED(($N29+$O29)/2,0,TRUE) -> 3694
B30: =VLOOKUP($C30,色!$A$2:$B$225,2,FALSE) -> #765B82 | C30: 107 | D30: 書店 | E30: 25 | F30: 75 | G30: 15 | H30: 8 | I30: =IF($E30="",14*64,$E30*64) -> 1600 | J30: =IF($E30="",(14+$F30)*64,($E30+$F30)*64) -> 6400 | K30: =G30*72 -> 1080 | L30: =FIXED($K30*$J30/$I30,0,TRUE) -> 4320 | M30: =FIXED(($K30+$L30)/2,0,TRUE) -> 2700 | N30: =IF($H30="",$G30/3*72,$H30*72) -> 576 | O30: =FIXED($N30*$J30/$I30,0,TRUE) -> 2304 | P30: =FIXED(($N30+$O30)/2,0,TRUE) -> 1440
B31: =VLOOKUP($C31,色!$A$2:$B$225,2,FALSE) -> #606060 | C31: 212 | D31: 新聞販売店（1910） | E31: 15 | F31: 1 | G31: 3 | H31: 1 | I31: =IF($E31="",14*64,$E31*64) -> 960 | J31: =IF($E31="",(14+$F31)*64,($E31+$F31)*64) -> 1024 | K31: =G31*72 -> 216 | L31: =FIXED($K31*$J31/$I31,0,TRUE) -> 230 | M31: =FIXED(($K31+$L31)/2,0,TRUE) -> 223 | N31: =IF($H31="",$G31/3*72,$H31*72) -> 72 | O31: =FIXED($N31*$J31/$I31,0,TRUE) -> 77 | P31: =FIXED(($N31+$O31)/2,0,TRUE) -> 75
B32: =VLOOKUP($C32,色!$A$2:$B$225,2,FALSE) -> #606060 | C32: 212 | D32: 新聞販売店（1960） | E32: 25 | F32: 5 | G32: 6 | H32: 2 | I32: =IF($E32="",14*64,$E32*64) -> 1600 | J32: =IF($E32="",(14+$F32)*64,($E32+$F32)*64) -> 1920 | K32: =G32*72 -> 432 | L32: =FIXED($K32*$J32/$I32,0,TRUE) -> 518 | M32: =FIXED(($K32+$L32)/2,0,TRUE) -> 475 | N32: =IF($H32="",$G32/3*72,$H32*72) -> 144 | O32: =FIXED($N32*$J32/$I32,0,TRUE) -> 173 | P32: =FIXED(($N32+$O32)/2,0,TRUE) -> 159
D33: Waren 雑貨産業
D34: 生活雑貨工場 | E34: 450 | F34: 150 | G34: 50 | H34: 17 | I34: =IF($E34="",14*64,$E34*64) -> 28800 | J34: =IF($E34="",(14+$F34)*64,($E34+$F34)*64) -> 38400 | K34: =G34*72 -> 3600 | L34: =FIXED($K34*$J34/$I34,0,TRUE) -> 4800 | M34: =FIXED(($K34+$L34)/2,0,TRUE) -> 4200 | N34: =IF($H34="",$G34/3*72,$H34*72) -> 1224 | O34: =FIXED($N34*$J34/$I34,0,TRUE) -> 1632 | P34: =FIXED(($N34+$O34)/2,0,TRUE) -> 1428
D35: 雑貨店 | E35: 32 | F35: 64 | G35: 15 | H35: 5 | I35: =IF($E35="",14*64,$E35*64) -> 2048 | J35: =IF($E35="",(14+$F35)*64,($E35+$F35)*64) -> 6144 | K35: =G35*72 -> 1080 | L35: =FIXED($K35*$J35/$I35,0,TRUE) -> 3240 | M35: =FIXED(($K35+$L35)/2,0,TRUE) -> 2160 | N35: =IF($H35="",$G35/3*72,$H35*72) -> 360 | O35: =FIXED($N35*$J35/$I35,0,TRUE) -> 1080 | P35: =FIXED(($N35+$O35)/2,0,TRUE) -> 720

Sheet 出現頻度
A1: 施設名 | B1: 産業網 | C1: n次 | D1: 場所 | E1: 出現頻度
A2: 清掃工場 | B2: Abfall 廃棄物 | C2: 3 | D2: Land | E2: 25
A3: 家具量販店 | B3: Holz 木材 | C3: 3 | D3: City | E3: 30
A4: バイオマス発電所 | B4: Holz 木材 | C4: 3 | D4: Land | E4: 8
A5: 石炭火力発電所 | B5: Kohle 石炭 | C5: 3 | D5: Land | E5: 16
A6: ガソリンスタンド | B6: Oel 石油 | C6: 3 | D6: City | E6: 64
A7: 書店 | B7: Papier 紙 | C7: 3 | D7: City | E7: 64
A8: 新聞販売店 | B8: Papier 紙 | C8: 3 | D8: City | E8: 56
A9: 雑貨店 | B9: Waren 雑貨 | C9: 3 | D9: City | E9: 64
A10: リサイクル工場（資源ごみ） | B10: Abfall 廃棄物 | C10: 2 | D10: Land | E10: 25
A11: リサイクル工場（粗大ごみ） | B11: Abfall 廃棄物 | C11: 2 | D11: Land | E11: 25
A12: 製鉄所 | B12: Eisen 鉄 | C12: 2 | D12: Land | E12: 32
A13: 製材所 | B13: Holz 木材 | C13: 2 | D13: Land | E13: 50
... A27: 油田 | B27: Oel 石油 | C27: 1 | D27: Land | E27: 16

Sheet 色
A1: 色番号 | B1: カラーコード | C1: 色
A2: 0 | B2: #244B67
A3: 1 | B3: #395E7C
A4: 2 | B4: #4C7191
A5: 3 | B5: #6084A7
A6: 4 | B6: #7497BD
A7: 5 | B7: #88ABD3
A8: 6 | B8: #9CBEE9
A9: 7 | B9: #B0D2FF
A10: 8 | B10: #585858
A11: 9 | B11: #6B6B6B
A12: 10 | B12: #7D7D7D
A13: 11 | B13: #909090
... A225: 223 | B225: #C6BFE8
